organism_accession_number	build_id	taxonomy_id	gene_name	location	locus_tag	gene_start	gene_end	strand	class_name	class_description	aptamer?name	aptamer_start	aptamer_end	aptamer_score	replicon_id	sequence	terminator_start	terminator_end	terminator_score
GCF_000239195.1	ASM23919v1	347495	BCF_RS01050	chromosome	BCF_RS01050	180255	181068	-	SAM	SAM riboswitch (S box leader)	RF00162_181153	181153	181267	5.6e-21	NC_016779.1	CATTTAATGAAATATTTCTCGTAATCCCCAACAAGAGTATAACACAATTATATAAATAATGTATACTATTTATTTCTTTTTGTTTGTGTGAATACATTATTTCCTTATTAATATTTCATTTTAGGCGCATTGAGAAAAACTTTCACGAAAATGTGAATATTAATTGACAAATGAATATCATTTCTTTAGTATAGGTTGGGACGGATACTCTCTTATCCCGAGCTGGCGGAGGGACAGGCCCGATGAAGCCCAGCAACCTCACTTGTAGTGGTAAATACAGGTGAATAGGTGCTAAAACCTGTGCGAGGCTACAGGTCTCGAACGATAAGAGCGAAGGGCAAAAAGCAGTATGCAAGTAGCAAATTAAACCTTTCCTCTATATAAAGTAGGAAAGGTTTTTCTGTATGCTTGTGTGGGAGAATAAATGTATGTCGCAATCTGTGGCAAATTAAGGATGAGTTCCGTACAATATATACAATTACTGTAGGGAGGTTTACCACATGACAAAAAAACGTCATCTGTTCACATCTGAGTCTGTAACTGAAGGACATCCAGATAAAATTTGTGACCAAATTTCTGATTCAATTTTAGATGCGATCTTATCAAAAGACGCAAATGCACGTGTAGCTTGTGAAACAACTGTAACAACTGGTTTAGTATTGGTAGCGGGGGAAATTACGACTTCTACTTACGTAGATAT	181105	181130	100
GCF_000239195.1	ASM23919v1	347495	BCF_RS01095	chromosome	BCF_RS01095	189823	190741	+	SAM	SAM riboswitch (S box leader)	RF00162_189581	189581	189686	2e-19	NC_016779.1	CATTTAATGAAATATTTCTCGTAATCCCCAACAAGAGTATAACACAATTATATAAATAATGTATACTATTTATTTCTTTTTGTTTGTGTGAATACATTATTTCCTTATTAATATTTCATTTTAGGCGCATTGAGAAAAACTTTCACGAAAATGTGAATATTAATTGACAAATGAATATCATTTCTTTAGTATAGGTTGGGACGGATACTCTCTTATCCCGAGCTGGCGGAGGGACAGGCCCGATGAAGCCCAGCAACCTCACTTGTAGTGGTAAATACAGGTGAATAGGTGCTAAAACCTGTGCGAGGCTACAGGTCTCGAACGATAAGAGCGAAGGGCAAAAAGCAGTATGCAAGTAGCAAATTAAACCTTTCCTCTATATAAAGTAGGAAAGGTTTTTCTGTATGCTTGTGTGGGAGAATAAATGTATGTCGCAATCTGTGGCAAATTAAGGATGAGTTCCGTACAATATATACAATTACTGTAGGGAGGTTTACCACATGACAAAAAAACGTCATCTGTTCACATCTGAGTCTGTAACTGAAGGACATCCAGATAAAATTTGTGACCAAATTTCTGATTCAATTTTAGATGCGATCTTATCAAAAGACGCAAATGCACGTGTAGCTTGTGAAACAACTGTAACAACTGGTTTAGTATTGGTAGCGGGGGAAATTACGACTTCTACTTACGTAGATAT	189706	189734	100
GCF_000239195.1	ASM23919v1	347495	BCF_RS01150	chromosome	BCF_RS01150	200806	202447	-	SAM	SAM riboswitch (S box leader)	RF00162_202578	202578	202684	2e-18	NC_016779.1	CATTTAATGAAATATTTCTCGTAATCCCCAACAAGAGTATAACACAATTATATAAATAATGTATACTATTTATTTCTTTTTGTTTGTGTGAATACATTATTTCCTTATTAATATTTCATTTTAGGCGCATTGAGAAAAACTTTCACGAAAATGTGAATATTAATTGACAAATGAATATCATTTCTTTAGTATAGGTTGGGACGGATACTCTCTTATCCCGAGCTGGCGGAGGGACAGGCCCGATGAAGCCCAGCAACCTCACTTGTAGTGGTAAATACAGGTGAATAGGTGCTAAAACCTGTGCGAGGCTACAGGTCTCGAACGATAAGAGCGAAGGGCAAAAAGCAGTATGCAAGTAGCAAATTAAACCTTTCCTCTATATAAAGTAGGAAAGGTTTTTCTGTATGCTTGTGTGGGAGAATAAATGTATGTCGCAATCTGTGGCAAATTAAGGATGAGTTCCGTACAATATATACAATTACTGTAGGGAGGTTTACCACATGACAAAAAAACGTCATCTGTTCACATCTGAGTCTGTAACTGAAGGACATCCAGATAAAATTTGTGACCAAATTTCTGATTCAATTTTAGATGCGATCTTATCAAAAGACGCAAATGCACGTGTAGCTTGTGAAACAACTGTAACAACTGGTTTAGTATTGGTAGCGGGGGAAATTACGACTTCTACTTACGTAGATAT	202506	202533	100
GCF_000239195.1	ASM23919v1	347495	BCF_RS01605	chromosome	BCF_RS01605	271979	273527	+	Purine	Purine riboswitch	RF00167_271721	271721	271822	5.7e-17	NC_016779.1	TGCTGGTTTTGTTATATACTATATTCAGCGATAAAGAAAGGGCTTACATTTAAGGTGGTTCTTTAGAATACGAATACTTTTGTGTGGTTTTTTGTGAATGTTCGATATTTAATGTAGAAAAATGTTAAATTTTGTTGACACGTATGGGAGCAAGTGGTAAGATTACTTCGAAAAGAATCACTGCCTCATATAATCTTGGAGATAAGGTCCATAAGTTTCTACCTGGCAACCATGAATTGCTAGACTATGAGGGGAAAAGTGTGTAACAAAGGATGTAAGAGATCTTTGTGCCGAACTTTTTCTCGCTATGAGGAATGTTTATGGTGCAAAGTTTTTTTTATGCAGTAAAGAGTGAAAATTTCATCTTAAAAAATTATTAATATTTATTCGACAATTATGTTTATTTTTAGTGTGTAGCAATTTTTATTATGTTGTAAGTTGAAAAAAGAGAAAAGAAGTCTTACATCAGAGGTCGAATAATTGAAATGCGGGGGAGTCTTATGTCAGTAAAATCCGATAGTCGTCACCTATATTTACGGGTGATTGATCACATCAAAGAAAAGATTAAAGATGGGGCTTACAAAGAAAGGCAAAAGTTGCCATCAGAGTTTGATTTAGCGAAAGAACTTGGCGTAAGTAGAGCGACTTTAAGGGAAGCGCTGCGTATTTTAGAAGAAGAAAATGTTGTCATTCGTAGACA	271858	271907	91
GCF_000239195.1	ASM23919v1	347495	BCF_RS01610	chromosome	BCF_RS01610	273911	275237	+	Purine	Purine riboswitch	RF00167_273681	273681	273782	6.2e-17	NC_016779.1	TGCTGGTTTTGTTATATACTATATTCAGCGATAAAGAAAGGGCTTACATTTAAGGTGGTTCTTTAGAATACGAATACTTTTGTGTGGTTTTTTGTGAATGTTCGATATTTAATGTAGAAAAATGTTAAATTTTGTTGACACGTATGGGAGCAAGTGGTAAGATTACTTCGAAAAGAATCACTGCCTCATATAATCTTGGAGATAAGGTCCATAAGTTTCTACCTGGCAACCATGAATTGCTAGACTATGAGGGGAAAAGTGTGTAACAAAGGATGTAAGAGATCTTTGTGCCGAACTTTTTCTCGCTATGAGGAATGTTTATGGTGCAAAGTTTTTTTTATGCAGTAAAGAGTGAAAATTTCATCTTAAAAAATTATTAATATTTATTCGACAATTATGTTTATTTTTAGTGTGTAGCAATTTTTATTATGTTGTAAGTTGAAAAAAGAGAAAAGAAGTCTTACATCAGAGGTCGAATAATTGAAATGCGGGGGAGTCTTATGTCAGTAAAATCCGATAGTCGTCACCTATATTTACGGGTGATTGATCACATCAAAGAAAAGATTAAAGATGGGGCTTACAAAGAAAGGCAAAAGTTGCCATCAGAGTTTGATTTAGCGAAAGAACTTGGCGTAAGTAGAGCGACTTTAAGGGAAGCGCTGCGTATTTTAGAAGAAGAAAATGTTGTCATTCGTAGACA	273811	273837	83
GCF_000239195.1	ASM23919v1	347495	purE	chromosome	BCF_RS01690	297717	298203	+	Purine	Purine riboswitch	RF00167_297505	297505	297606	2.5e-16	NC_016779.1	TGCTGGTTTTGTTATATACTATATTCAGCGATAAAGAAAGGGCTTACATTTAAGGTGGTTCTTTAGAATACGAATACTTTTGTGTGGTTTTTTGTGAATGTTCGATATTTAATGTAGAAAAATGTTAAATTTTGTTGACACGTATGGGAGCAAGTGGTAAGATTACTTCGAAAAGAATCACTGCCTCATATAATCTTGGAGATAAGGTCCATAAGTTTCTACCTGGCAACCATGAATTGCTAGACTATGAGGGGAAAAGTGTGTAACAAAGGATGTAAGAGATCTTTGTGCCGAACTTTTTCTCGCTATGAGGAATGTTTATGGTGCAAAGTTTTTTTTATGCAGTAAAGAGTGAAAATTTCATCTTAAAAAATTATTAATATTTATTCGACAATTATGTTTATTTTTAGTGTGTAGCAATTTTTATTATGTTGTAAGTTGAAAAAAGAGAAAAGAAGTCTTACATCAGAGGTCGAATAATTGAAATGCGGGGGAGTCTTATGTCAGTAAAATCCGATAGTCGTCACCTATATTTACGGGTGATTGATCACATCAAAGAAAAGATTAAAGATGGGGCTTACAAAGAAAGGCAAAAGTTGCCATCAGAGTTTGATTTAGCGAAAGAACTTGGCGTAAGTAGAGCGACTTTAAGGGAAGCGCTGCGTATTTTAGAAGAAGAAAATGTTGTCATTCGTAGACA	297633	297686	100
GCF_000239195.1	ASM23919v1	347495	BCF_RS01810	chromosome	BCF_RS01810	323018	324038	+	SAM	SAM riboswitch (S box leader)	RF00162_322788	322788	322894	3.8e-20	NC_016779.1	CATTTAATGAAATATTTCTCGTAATCCCCAACAAGAGTATAACACAATTATATAAATAATGTATACTATTTATTTCTTTTTGTTTGTGTGAATACATTATTTCCTTATTAATATTTCATTTTAGGCGCATTGAGAAAAACTTTCACGAAAATGTGAATATTAATTGACAAATGAATATCATTTCTTTAGTATAGGTTGGGACGGATACTCTCTTATCCCGAGCTGGCGGAGGGACAGGCCCGATGAAGCCCAGCAACCTCACTTGTAGTGGTAAATACAGGTGAATAGGTGCTAAAACCTGTGCGAGGCTACAGGTCTCGAACGATAAGAGCGAAGGGCAAAAAGCAGTATGCAAGTAGCAAATTAAACCTTTCCTCTATATAAAGTAGGAAAGGTTTTTCTGTATGCTTGTGTGGGAGAATAAATGTATGTCGCAATCTGTGGCAAATTAAGGATGAGTTCCGTACAATATATACAATTACTGTAGGGAGGTTTACCACATGACAAAAAAACGTCATCTGTTCACATCTGAGTCTGTAACTGAAGGACATCCAGATAAAATTTGTGACCAAATTTCTGATTCAATTTTAGATGCGATCTTATCAAAAGACGCAAATGCACGTGTAGCTTGTGAAACAACTGTAACAACTGGTTTAGTATTGGTAGCGGGGGAAATTACGACTTCTACTTACGTAGATAT	322916	322958	100
GCF_000239195.1	ASM23919v1	347495	BCF_RS01910	chromosome	BCF_RS01910	343091	344288	-	Purine	Purine riboswitch	RF00167_344489	344489	344590	8.2e-17	NC_016779.1	TGCTGGTTTTGTTATATACTATATTCAGCGATAAAGAAAGGGCTTACATTTAAGGTGGTTCTTTAGAATACGAATACTTTTGTGTGGTTTTTTGTGAATGTTCGATATTTAATGTAGAAAAATGTTAAATTTTGTTGACACGTATGGGAGCAAGTGGTAAGATTACTTCGAAAAGAATCACTGCCTCATATAATCTTGGAGATAAGGTCCATAAGTTTCTACCTGGCAACCATGAATTGCTAGACTATGAGGGGAAAAGTGTGTAACAAAGGATGTAAGAGATCTTTGTGCCGAACTTTTTCTCGCTATGAGGAATGTTTATGGTGCAAAGTTTTTTTTATGCAGTAAAGAGTGAAAATTTCATCTTAAAAAATTATTAATATTTATTCGACAATTATGTTTATTTTTAGTGTGTAGCAATTTTTATTATGTTGTAAGTTGAAAAAAGAGAAAAGAAGTCTTACATCAGAGGTCGAATAATTGAAATGCGGGGGAGTCTTATGTCAGTAAAATCCGATAGTCGTCACCTATATTTACGGGTGATTGATCACATCAAAGAAAAGATTAAAGATGGGGCTTACAAAGAAAGGCAAAAGTTGCCATCAGAGTTTGATTTAGCGAAAGAACTTGGCGTAAGTAGAGCGACTTTAAGGGAAGCGCTGCGTATTTTAGAAGAAGAAAATGTTGTCATTCGTAGACA	344418	344469	100
GCF_000239195.1	ASM23919v1	347495	BCF_RS02070	chromosome	BCF_RS02070	375125	375758	-	SAM	SAM riboswitch (S box leader)	RF00162_375843	375843	375955	7.3e-19	NC_016779.1	CATTTAATGAAATATTTCTCGTAATCCCCAACAAGAGTATAACACAATTATATAAATAATGTATACTATTTATTTCTTTTTGTTTGTGTGAATACATTATTTCCTTATTAATATTTCATTTTAGGCGCATTGAGAAAAACTTTCACGAAAATGTGAATATTAATTGACAAATGAATATCATTTCTTTAGTATAGGTTGGGACGGATACTCTCTTATCCCGAGCTGGCGGAGGGACAGGCCCGATGAAGCCCAGCAACCTCACTTGTAGTGGTAAATACAGGTGAATAGGTGCTAAAACCTGTGCGAGGCTACAGGTCTCGAACGATAAGAGCGAAGGGCAAAAAGCAGTATGCAAGTAGCAAATTAAACCTTTCCTCTATATAAAGTAGGAAAGGTTTTTCTGTATGCTTGTGTGGGAGAATAAATGTATGTCGCAATCTGTGGCAAATTAAGGATGAGTTCCGTACAATATATACAATTACTGTAGGGAGGTTTACCACATGACAAAAAAACGTCATCTGTTCACATCTGAGTCTGTAACTGAAGGACATCCAGATAAAATTTGTGACCAAATTTCTGATTCAATTTTAGATGCGATCTTATCAAAAGACGCAAATGCACGTGTAGCTTGTGAAACAACTGTAACAACTGGTTTAGTATTGGTAGCGGGGGAAATTACGACTTCTACTTACGTAGATAT	375796	375823	100
GCF_000239195.1	ASM23919v1	347495	BCF_RS07080	chromosome	BCF_RS07080	1349641	1349785	+	SAM	SAM riboswitch (S box leader)	RF00162_1349460	1349460	1349568	2.8e-20	NC_016779.1	CATTTAATGAAATATTTCTCGTAATCCCCAACAAGAGTATAACACAATTATATAAATAATGTATACTATTTATTTCTTTTTGTTTGTGTGAATACATTATTTCCTTATTAATATTTCATTTTAGGCGCATTGAGAAAAACTTTCACGAAAATGTGAATATTAATTGACAAATGAATATCATTTCTTTAGTATAGGTTGGGACGGATACTCTCTTATCCCGAGCTGGCGGAGGGACAGGCCCGATGAAGCCCAGCAACCTCACTTGTAGTGGTAAATACAGGTGAATAGGTGCTAAAACCTGTGCGAGGCTACAGGTCTCGAACGATAAGAGCGAAGGGCAAAAAGCAGTATGCAAGTAGCAAATTAAACCTTTCCTCTATATAAAGTAGGAAAGGTTTTTCTGTATGCTTGTGTGGGAGAATAAATGTATGTCGCAATCTGTGGCAAATTAAGGATGAGTTCCGTACAATATATACAATTACTGTAGGGAGGTTTACCACATGACAAAAAAACGTCATCTGTTCACATCTGAGTCTGTAACTGAAGGACATCCAGATAAAATTTGTGACCAAATTTCTGATTCAATTTTAGATGCGATCTTATCAAAAGACGCAAATGCACGTGTAGCTTGTGAAACAACTGTAACAACTGGTTTAGTATTGGTAGCGGGGGAAATTACGACTTCTACTTACGTAGATAT	1349588	1349607	90
GCF_000239195.1	ASM23919v1	347495	BCF_RS07150	chromosome	BCF_RS07150	1362396	1363713	+	SAM	SAM riboswitch (S box leader)	RF00162_1362195	1362195	1362300	2.4e-18	NC_016779.1	CATTTAATGAAATATTTCTCGTAATCCCCAACAAGAGTATAACACAATTATATAAATAATGTATACTATTTATTTCTTTTTGTTTGTGTGAATACATTATTTCCTTATTAATATTTCATTTTAGGCGCATTGAGAAAAACTTTCACGAAAATGTGAATATTAATTGACAAATGAATATCATTTCTTTAGTATAGGTTGGGACGGATACTCTCTTATCCCGAGCTGGCGGAGGGACAGGCCCGATGAAGCCCAGCAACCTCACTTGTAGTGGTAAATACAGGTGAATAGGTGCTAAAACCTGTGCGAGGCTACAGGTCTCGAACGATAAGAGCGAAGGGCAAAAAGCAGTATGCAAGTAGCAAATTAAACCTTTCCTCTATATAAAGTAGGAAAGGTTTTTCTGTATGCTTGTGTGGGAGAATAAATGTATGTCGCAATCTGTGGCAAATTAAGGATGAGTTCCGTACAATATATACAATTACTGTAGGGAGGTTTACCACATGACAAAAAAACGTCATCTGTTCACATCTGAGTCTGTAACTGAAGGACATCCAGATAAAATTTGTGACCAAATTTCTGATTCAATTTTAGATGCGATCTTATCAAAAGACGCAAATGCACGTGTAGCTTGTGAAACAACTGTAACAACTGGTTTAGTATTGGTAGCGGGGGAAATTACGACTTCTACTTACGTAGATAT	1362324	1362347	100
GCF_000239195.1	ASM23919v1	347495	BCF_RS07385	chromosome	BCF_RS07385	1408912	1409491	+	FMN	FMN riboswitch (RFN element)	RF00050_1408610	1408610	1408749	1.5e-29	NC_016779.1	TTTTTGCTAGCCTTTTATTTTTTTTGTGCTATAATTTGAGCAAACAGCATCCTTCGGGGTCGGGTGAAATTCCCAACCGGCGGTGATGAAGTGCAAACTTCTAAGTCCGTGACCCGTTTTCAACTCGAAAACGGTGGATCTAGTGAAACTCTAGGGCCGACAGTATAGTCTGGATGGGAGAAGGATATGTTTTCTAGTAATTTTATATAGCGAATACACTTTTATTTCAGTATGCATATTTTTATAGATTCAATTCAAATCTATATATATGTTTTATTTTGTATACTTATCTTTCTATGCTGAAATAAAAAGATACGACTAGCGTTTGAAAAATTTGATATTTTTGCTAGGTTTCTTCCTTATGCCAAAATATCAATCATCGTTAGGTTTCTTTCCTATACTTTCGTATTCGAACTATATTTCTAGAAATCACGTCTCCCAAACCCCAAGGATATTAAAATCCTTGGGGTTTTTTGATTTTTTTAGGAGAGGTGAAGAAAATGACAGATCAAGAATATATGAGGATTGCCCTGCAATTAGCAGAAGGAACATCTGGGCAAACAAGTCCAAATCCTATGGTTGGTGCTGTTGTTGTAAAAGACGGAAACATCGTCGGTATGGGGGCTCATTTACGTGCTGGTGAAGAACACGCAGAAGTTCATGCTTTTCATATGGCTGGTGACAAAGCAAAAGGAGCCAC	1408808	1408830	100
GCF_000239195.1	ASM23919v1	347495	BCF_RS07815	chromosome	BCF_RS07815	1483668	1484262	+	Purine	Purine riboswitch	RF00167_1483459	1483459	1483560	4.8e-18	NC_016779.1	TGCTGGTTTTGTTATATACTATATTCAGCGATAAAGAAAGGGCTTACATTTAAGGTGGTTCTTTAGAATACGAATACTTTTGTGTGGTTTTTTGTGAATGTTCGATATTTAATGTAGAAAAATGTTAAATTTTGTTGACACGTATGGGAGCAAGTGGTAAGATTACTTCGAAAAGAATCACTGCCTCATATAATCTTGGAGATAAGGTCCATAAGTTTCTACCTGGCAACCATGAATTGCTAGACTATGAGGGGAAAAGTGTGTAACAAAGGATGTAAGAGATCTTTGTGCCGAACTTTTTCTCGCTATGAGGAATGTTTATGGTGCAAAGTTTTTTTTATGCAGTAAAGAGTGAAAATTTCATCTTAAAAAATTATTAATATTTATTCGACAATTATGTTTATTTTTAGTGTGTAGCAATTTTTATTATGTTGTAAGTTGAAAAAAGAGAAAAGAAGTCTTACATCAGAGGTCGAATAATTGAAATGCGGGGGAGTCTTATGTCAGTAAAATCCGATAGTCGTCACCTATATTTACGGGTGATTGATCACATCAAAGAAAAGATTAAAGATGGGGCTTACAAAGAAAGGCAAAAGTTGCCATCAGAGTTTGATTTAGCGAAAGAACTTGGCGTAAGTAGAGCGACTTTAAGGGAAGCGCTGCGTATTTTAGAAGAAGAAAATGTTGTCATTCGTAGACA	1483589	1483637	100
GCF_000239195.1	ASM23919v1	347495	BCF_RS11675	chromosome	BCF_RS11675	2243762	2245130	-	Glycine	Glycine riboswitch	RF00504_2245236	2245236	2245355	8e-13	NC_016779.1	TCGCTTTATCTACTTTAACTGAAGTTGAAGAGAAATTAGGACTTTCGAAAAAATAGAATTCTTTACTATTTTAAAATAAAAAATGATTGCATTTCACTAATTGTATATCTATAATGTTTTTATTGATTCTATACACATTCAATTCGTATAGGTTATTAATTTTATAATTCGGATGAACCATTCAGGAGAAGGTCTATTGATCTACCGACGGGGCAAAAAGTTGTTAACCGACTTTGAAACTCTCAGGTCTTGTTTACAAGTAGAACTGCATGGGGACGAATCTCTGGAGAGACTCCCTCTCGCTTTAAATAGCGTAGAGGAAAACGAGCACCGAAGGAGCAAATCCGCTACTATAGCGGATAATCTCTCAGGTAAAAGGACAGAGACAAGCGAAAGAAAATGCCGATTTGTATCGGTTTATTTTTCTATCCCTTGTTTCTCCAGAGACCATTTCATTTACTTGAAGTGGTTTTTATTTTTTCTAAAAAAGGAGAATACAGATGGAGACAGTAAGTAAAGTATTAGAACAAATCAATCACTATGTGTGGGGATTACCAACATTGTTATTACTCGTTGGTACTGGTATCATTCTCACAGTGCGTTTAAAAGGTTTACAGTTTAGTAAACTATTATACGCTCACAAACTAGCTTTTAAAAAATCAGAAGATACATCTTCCTCTGGAGATATTAGCCACTTCCA	2245213	2245226	82
GCF_000239195.1	ASM23919v1	347495	BCF_RS15355	chromosome	BCF_RS15355	2952518	2953724	-	SAM	SAM riboswitch (S box leader)	RF00162_2953811	2953811	2953912	1.6e-19	NC_016779.1	CATTTAATGAAATATTTCTCGTAATCCCCAACAAGAGTATAACACAATTATATAAATAATGTATACTATTTATTTCTTTTTGTTTGTGTGAATACATTATTTCCTTATTAATATTTCATTTTAGGCGCATTGAGAAAAACTTTCACGAAAATGTGAATATTAATTGACAAATGAATATCATTTCTTTAGTATAGGTTGGGACGGATACTCTCTTATCCCGAGCTGGCGGAGGGACAGGCCCGATGAAGCCCAGCAACCTCACTTGTAGTGGTAAATACAGGTGAATAGGTGCTAAAACCTGTGCGAGGCTACAGGTCTCGAACGATAAGAGCGAAGGGCAAAAAGCAGTATGCAAGTAGCAAATTAAACCTTTCCTCTATATAAAGTAGGAAAGGTTTTTCTGTATGCTTGTGTGGGAGAATAAATGTATGTCGCAATCTGTGGCAAATTAAGGATGAGTTCCGTACAATATATACAATTACTGTAGGGAGGTTTACCACATGACAAAAAAACGTCATCTGTTCACATCTGAGTCTGTAACTGAAGGACATCCAGATAAAATTTGTGACCAAATTTCTGATTCAATTTTAGATGCGATCTTATCAAAAGACGCAAATGCACGTGTAGCTTGTGAAACAACTGTAACAACTGGTTTAGTATTGGTAGCGGGGGAAATTACGACTTCTACTTACGTAGATAT	2953755	2953781	100
GCF_000239195.1	ASM23919v1	347495	BCF_RS16065	chromosome	BCF_RS16065	3099965	3100235	-	SAM	SAM riboswitch (S box leader)	RF00162_3100322	3100322	3100420	1.2e-19	NC_016779.1	CATTTAATGAAATATTTCTCGTAATCCCCAACAAGAGTATAACACAATTATATAAATAATGTATACTATTTATTTCTTTTTGTTTGTGTGAATACATTATTTCCTTATTAATATTTCATTTTAGGCGCATTGAGAAAAACTTTCACGAAAATGTGAATATTAATTGACAAATGAATATCATTTCTTTAGTATAGGTTGGGACGGATACTCTCTTATCCCGAGCTGGCGGAGGGACAGGCCCGATGAAGCCCAGCAACCTCACTTGTAGTGGTAAATACAGGTGAATAGGTGCTAAAACCTGTGCGAGGCTACAGGTCTCGAACGATAAGAGCGAAGGGCAAAAAGCAGTATGCAAGTAGCAAATTAAACCTTTCCTCTATATAAAGTAGGAAAGGTTTTTCTGTATGCTTGTGTGGGAGAATAAATGTATGTCGCAATCTGTGGCAAATTAAGGATGAGTTCCGTACAATATATACAATTACTGTAGGGAGGTTTACCACATGACAAAAAAACGTCATCTGTTCACATCTGAGTCTGTAACTGAAGGACATCCAGATAAAATTTGTGACCAAATTTCTGATTCAATTTTAGATGCGATCTTATCAAAAGACGCAAATGCACGTGTAGCTTGTGAAACAACTGTAACAACTGGTTTAGTATTGGTAGCGGGGGAAATTACGACTTCTACTTACGTAGATAT	3100287	3100305	88
GCF_000239195.1	ASM23919v1	347495	BCF_RS18415	chromosome	BCF_RS18415	3566901	3567627	-	Purine	Purine riboswitch	RF00167_3567859	3567859	3567960	5.7e-15	NC_016779.1	TGCTGGTTTTGTTATATACTATATTCAGCGATAAAGAAAGGGCTTACATTTAAGGTGGTTCTTTAGAATACGAATACTTTTGTGTGGTTTTTTGTGAATGTTCGATATTTAATGTAGAAAAATGTTAAATTTTGTTGACACGTATGGGAGCAAGTGGTAAGATTACTTCGAAAAGAATCACTGCCTCATATAATCTTGGAGATAAGGTCCATAAGTTTCTACCTGGCAACCATGAATTGCTAGACTATGAGGGGAAAAGTGTGTAACAAAGGATGTAAGAGATCTTTGTGCCGAACTTTTTCTCGCTATGAGGAATGTTTATGGTGCAAAGTTTTTTTTATGCAGTAAAGAGTGAAAATTTCATCTTAAAAAATTATTAATATTTATTCGACAATTATGTTTATTTTTAGTGTGTAGCAATTTTTATTATGTTGTAAGTTGAAAAAAGAGAAAAGAAGTCTTACATCAGAGGTCGAATAATTGAAATGCGGGGGAGTCTTATGTCAGTAAAATCCGATAGTCGTCACCTATATTTACGGGTGATTGATCACATCAAAGAAAAGATTAAAGATGGGGCTTACAAAGAAAGGCAAAAGTTGCCATCAGAGTTTGATTTAGCGAAAGAACTTGGCGTAAGTAGAGCGACTTTAAGGGAAGCGCTGCGTATTTTAGAAGAAGAAAATGTTGTCATTCGTAGACA	0	0	0
GCF_000239195.1	ASM23919v1	347495	BCF_RS19670	chromosome	BCF_RS19670	3810820	3812002	-	SAM	SAM riboswitch (S box leader)	RF00162_3812091	3812091	3812232	2.8e-19	NC_016779.1	CATTTAATGAAATATTTCTCGTAATCCCCAACAAGAGTATAACACAATTATATAAATAATGTATACTATTTATTTCTTTTTGTTTGTGTGAATACATTATTTCCTTATTAATATTTCATTTTAGGCGCATTGAGAAAAACTTTCACGAAAATGTGAATATTAATTGACAAATGAATATCATTTCTTTAGTATAGGTTGGGACGGATACTCTCTTATCCCGAGCTGGCGGAGGGACAGGCCCGATGAAGCCCAGCAACCTCACTTGTAGTGGTAAATACAGGTGAATAGGTGCTAAAACCTGTGCGAGGCTACAGGTCTCGAACGATAAGAGCGAAGGGCAAAAAGCAGTATGCAAGTAGCAAATTAAACCTTTCCTCTATATAAAGTAGGAAAGGTTTTTCTGTATGCTTGTGTGGGAGAATAAATGTATGTCGCAATCTGTGGCAAATTAAGGATGAGTTCCGTACAATATATACAATTACTGTAGGGAGGTTTACCACATGACAAAAAAACGTCATCTGTTCACATCTGAGTCTGTAACTGAAGGACATCCAGATAAAATTTGTGACCAAATTTCTGATTCAATTTTAGATGCGATCTTATCAAAAGACGCAAATGCACGTGTAGCTTGTGAAACAACTGTAACAACTGGTTTAGTATTGGTAGCGGGGGAAATTACGACTTCTACTTACGTAGATAT	3812049	3812070	100
GCF_000239195.1	ASM23919v1	347495	mtnW	chromosome	BCF_RS19685	3814599	3815844	+	SAM	SAM riboswitch (S box leader)	RF00162_3814427	3814427	3814534	4.1e-17	NC_016779.1	CATTTAATGAAATATTTCTCGTAATCCCCAACAAGAGTATAACACAATTATATAAATAATGTATACTATTTATTTCTTTTTGTTTGTGTGAATACATTATTTCCTTATTAATATTTCATTTTAGGCGCATTGAGAAAAACTTTCACGAAAATGTGAATATTAATTGACAAATGAATATCATTTCTTTAGTATAGGTTGGGACGGATACTCTCTTATCCCGAGCTGGCGGAGGGACAGGCCCGATGAAGCCCAGCAACCTCACTTGTAGTGGTAAATACAGGTGAATAGGTGCTAAAACCTGTGCGAGGCTACAGGTCTCGAACGATAAGAGCGAAGGGCAAAAAGCAGTATGCAAGTAGCAAATTAAACCTTTCCTCTATATAAAGTAGGAAAGGTTTTTCTGTATGCTTGTGTGGGAGAATAAATGTATGTCGCAATCTGTGGCAAATTAAGGATGAGTTCCGTACAATATATACAATTACTGTAGGGAGGTTTACCACATGACAAAAAAACGTCATCTGTTCACATCTGAGTCTGTAACTGAAGGACATCCAGATAAAATTTGTGACCAAATTTCTGATTCAATTTTAGATGCGATCTTATCAAAAGACGCAAATGCACGTGTAGCTTGTGAAACAACTGTAACAACTGGTTTAGTATTGGTAGCGGGGGAAATTACGACTTCTACTTACGTAGATAT	3814551	3814569	100
GCF_000239195.1	ASM23919v1	347495	ribD	chromosome	BCF_RS20065	3875846	3876959	+	FMN	FMN riboswitch (RFN element)	RF00050_3875391	3875391	3875534	7e-29	NC_016779.1	TTTTTGCTAGCCTTTTATTTTTTTTGTGCTATAATTTGAGCAAACAGCATCCTTCGGGGTCGGGTGAAATTCCCAACCGGCGGTGATGAAGTGCAAACTTCTAAGTCCGTGACCCGTTTTCAACTCGAAAACGGTGGATCTAGTGAAACTCTAGGGCCGACAGTATAGTCTGGATGGGAGAAGGATATGTTTTCTAGTAATTTTATATAGCGAATACACTTTTATTTCAGTATGCATATTTTTATAGATTCAATTCAAATCTATATATATGTTTTATTTTGTATACTTATCTTTCTATGCTGAAATAAAAAGATACGACTAGCGTTTGAAAAATTTGATATTTTTGCTAGGTTTCTTCCTTATGCCAAAATATCAATCATCGTTAGGTTTCTTTCCTATACTTTCGTATTCGAACTATATTTCTAGAAATCACGTCTCCCAAACCCCAAGGATATTAAAATCCTTGGGGTTTTTTGATTTTTTTAGGAGAGGTGAAGAAAATGACAGATCAAGAATATATGAGGATTGCCCTGCAATTAGCAGAAGGAACATCTGGGCAAACAAGTCCAAATCCTATGGTTGGTGCTGTTGTTGTAAAAGACGGAAACATCGTCGGTATGGGGGCTCATTTACGTGCTGGTGAAGAACACGCAGAAGTTCATGCTTTTCATATGGCTGGTGACAAAGCAAAAGGAGCCAC	3875789	3875814	100
GCF_000239195.1	ASM23919v1	347495	BCF_RS20790	chromosome	BCF_RS20790	3994239	3996072	-	SAM	SAM riboswitch (S box leader)	RF00162_3996142	3996142	3996251	3.1e-19	NC_016779.1	CATTTAATGAAATATTTCTCGTAATCCCCAACAAGAGTATAACACAATTATATAAATAATGTATACTATTTATTTCTTTTTGTTTGTGTGAATACATTATTTCCTTATTAATATTTCATTTTAGGCGCATTGAGAAAAACTTTCACGAAAATGTGAATATTAATTGACAAATGAATATCATTTCTTTAGTATAGGTTGGGACGGATACTCTCTTATCCCGAGCTGGCGGAGGGACAGGCCCGATGAAGCCCAGCAACCTCACTTGTAGTGGTAAATACAGGTGAATAGGTGCTAAAACCTGTGCGAGGCTACAGGTCTCGAACGATAAGAGCGAAGGGCAAAAAGCAGTATGCAAGTAGCAAATTAAACCTTTCCTCTATATAAAGTAGGAAAGGTTTTTCTGTATGCTTGTGTGGGAGAATAAATGTATGTCGCAATCTGTGGCAAATTAAGGATGAGTTCCGTACAATATATACAATTACTGTAGGGAGGTTTACCACATGACAAAAAAACGTCATCTGTTCACATCTGAGTCTGTAACTGAAGGACATCCAGATAAAATTTGTGACCAAATTTCTGATTCAATTTTAGATGCGATCTTATCAAAAGACGCAAATGCACGTGTAGCTTGTGAAACAACTGTAACAACTGGTTTAGTATTGGTAGCGGGGGAAATTACGACTTCTACTTACGTAGATAT	3996102	3996126	100
GCF_000239195.1	ASM23919v1	347495	BCF_RS20800	chromosome	BCF_RS20800	3996659	3997772	+	SAM	SAM riboswitch (S box leader)	RF00162_3996455	3996455	3996564	9.5e-22	NC_016779.1	CATTTAATGAAATATTTCTCGTAATCCCCAACAAGAGTATAACACAATTATATAAATAATGTATACTATTTATTTCTTTTTGTTTGTGTGAATACATTATTTCCTTATTAATATTTCATTTTAGGCGCATTGAGAAAAACTTTCACGAAAATGTGAATATTAATTGACAAATGAATATCATTTCTTTAGTATAGGTTGGGACGGATACTCTCTTATCCCGAGCTGGCGGAGGGACAGGCCCGATGAAGCCCAGCAACCTCACTTGTAGTGGTAAATACAGGTGAATAGGTGCTAAAACCTGTGCGAGGCTACAGGTCTCGAACGATAAGAGCGAAGGGCAAAAAGCAGTATGCAAGTAGCAAATTAAACCTTTCCTCTATATAAAGTAGGAAAGGTTTTTCTGTATGCTTGTGTGGGAGAATAAATGTATGTCGCAATCTGTGGCAAATTAAGGATGAGTTCCGTACAATATATACAATTACTGTAGGGAGGTTTACCACATGACAAAAAAACGTCATCTGTTCACATCTGAGTCTGTAACTGAAGGACATCCAGATAAAATTTGTGACCAAATTTCTGATTCAATTTTAGATGCGATCTTATCAAAAGACGCAAATGCACGTGTAGCTTGTGAAACAACTGTAACAACTGGTTTAGTATTGGTAGCGGGGGAAATTACGACTTCTACTTACGTAGATAT	3996587	3996604	100
GCF_000239195.1	ASM23919v1	347495	BCF_RS23530	chromosome	BCF_RS23530	4523118	4524318	-	SAM	SAM riboswitch (S box leader)	RF00162_4524486	4524486	4524607	2.5e-16	NC_016779.1	CATTTAATGAAATATTTCTCGTAATCCCCAACAAGAGTATAACACAATTATATAAATAATGTATACTATTTATTTCTTTTTGTTTGTGTGAATACATTATTTCCTTATTAATATTTCATTTTAGGCGCATTGAGAAAAACTTTCACGAAAATGTGAATATTAATTGACAAATGAATATCATTTCTTTAGTATAGGTTGGGACGGATACTCTCTTATCCCGAGCTGGCGGAGGGACAGGCCCGATGAAGCCCAGCAACCTCACTTGTAGTGGTAAATACAGGTGAATAGGTGCTAAAACCTGTGCGAGGCTACAGGTCTCGAACGATAAGAGCGAAGGGCAAAAAGCAGTATGCAAGTAGCAAATTAAACCTTTCCTCTATATAAAGTAGGAAAGGTTTTTCTGTATGCTTGTGTGGGAGAATAAATGTATGTCGCAATCTGTGGCAAATTAAGGATGAGTTCCGTACAATATATACAATTACTGTAGGGAGGTTTACCACATGACAAAAAAACGTCATCTGTTCACATCTGAGTCTGTAACTGAAGGACATCCAGATAAAATTTGTGACCAAATTTCTGATTCAATTTTAGATGCGATCTTATCAAAAGACGCAAATGCACGTGTAGCTTGTGAAACAACTGTAACAACTGGTTTAGTATTGGTAGCGGGGGAAATTACGACTTCTACTTACGTAGATAT	4524422	4524448	80
GCF_000239195.1	ASM23919v1	347495	BCF_RS24625	chromosome	BCF_RS24625	4715305	4716331	-	SAM	SAM riboswitch (S box leader)	RF00162_4716629	4716629	4716736	2.6e-19	NC_016779.1	CATTTAATGAAATATTTCTCGTAATCCCCAACAAGAGTATAACACAATTATATAAATAATGTATACTATTTATTTCTTTTTGTTTGTGTGAATACATTATTTCCTTATTAATATTTCATTTTAGGCGCATTGAGAAAAACTTTCACGAAAATGTGAATATTAATTGACAAATGAATATCATTTCTTTAGTATAGGTTGGGACGGATACTCTCTTATCCCGAGCTGGCGGAGGGACAGGCCCGATGAAGCCCAGCAACCTCACTTGTAGTGGTAAATACAGGTGAATAGGTGCTAAAACCTGTGCGAGGCTACAGGTCTCGAACGATAAGAGCGAAGGGCAAAAAGCAGTATGCAAGTAGCAAATTAAACCTTTCCTCTATATAAAGTAGGAAAGGTTTTTCTGTATGCTTGTGTGGGAGAATAAATGTATGTCGCAATCTGTGGCAAATTAAGGATGAGTTCCGTACAATATATACAATTACTGTAGGGAGGTTTACCACATGACAAAAAAACGTCATCTGTTCACATCTGAGTCTGTAACTGAAGGACATCCAGATAAAATTTGTGACCAAATTTCTGATTCAATTTTAGATGCGATCTTATCAAAAGACGCAAATGCACGTGTAGCTTGTGAAACAACTGTAACAACTGGTTTAGTATTGGTAGCGGGGGAAATTACGACTTCTACTTACGTAGATAT	4716570	4716596	100
GCF_000239195.1	ASM23919v1	347495	BCF_RS26705	chromosome	BCF_RS26705	5135822	5137121	-	SAM	SAM riboswitch (S box leader)	RF00162_5137212	5137212	5137317	7.9e-20	NC_016779.1	CATTTAATGAAATATTTCTCGTAATCCCCAACAAGAGTATAACACAATTATATAAATAATGTATACTATTTATTTCTTTTTGTTTGTGTGAATACATTATTTCCTTATTAATATTTCATTTTAGGCGCATTGAGAAAAACTTTCACGAAAATGTGAATATTAATTGACAAATGAATATCATTTCTTTAGTATAGGTTGGGACGGATACTCTCTTATCCCGAGCTGGCGGAGGGACAGGCCCGATGAAGCCCAGCAACCTCACTTGTAGTGGTAAATACAGGTGAATAGGTGCTAAAACCTGTGCGAGGCTACAGGTCTCGAACGATAAGAGCGAAGGGCAAAAAGCAGTATGCAAGTAGCAAATTAAACCTTTCCTCTATATAAAGTAGGAAAGGTTTTTCTGTATGCTTGTGTGGGAGAATAAATGTATGTCGCAATCTGTGGCAAATTAAGGATGAGTTCCGTACAATATATACAATTACTGTAGGGAGGTTTACCACATGACAAAAAAACGTCATCTGTTCACATCTGAGTCTGTAACTGAAGGACATCCAGATAAAATTTGTGACCAAATTTCTGATTCAATTTTAGATGCGATCTTATCAAAAGACGCAAATGCACGTGTAGCTTGTGAAACAACTGTAACAACTGGTTTAGTATTGGTAGCGGGGGAAATTACGACTTCTACTTACGTAGATAT	5137155	5137186	100
